id_cliente,data_entrada,data_saida
21.850,2023-09-11,
21.829,2023-10-06,
21.822,2023-10-06,
21.815,2023-10-06,
21.808,2023-10-06,
21.787,2023-10-06,
21.773,2023-10-06,
21.759,2023-09-19,
21.752,2023-09-19,2023-09-19
21.745,2023-10-04,
21.738,2023-10-06,
21.731,2023-10-04,
21.724,2023-10-06,
21.710,2023-09-29,
21.703,2023-10-02,
21.689,2023-10-03,
21.682,2023-10-03,
21.675,2023-10-05,
21.668,2023-09-30,
21.640,2023-10-02,
21.633,2023-09-29,
21.626,2023-09-30,
21.619,2023-09-28,
21.605,2023-09-29,
21.584,2023-09-27,
21.577,2023-10-09,
21.570,2023-09-30,
21.549,2023-09-29,
21.542,2023-09-28,
21.535,2023-09-26,
21.528,2023-10-04,
21.514,2023-09-27,
21.493,2023-09-28,
21.472,2023-10-06,
21.465,2023-10-06,
21.451,2023-09-27,
21.444,2023-09-27,
21.437,2023-09-27,
21.416,2023-09-26,
21.409,2023-09-26,
21.388,2023-09-28,
21.381,2023-10-02,
21.367,2023-09-25,
21.360,2023-09-27,
21.353,2023-03-16,2023-10-09
21.346,2022-04-18,
21.339,2023-05-13,
21.332,2023-01-19,
21.325,2023-09-22,
21.318,2023-05-12,
21.311,2023-04-05,
21.304,2023-08-17,
21.297,2022-12-01,
21.290,2023-09-21,
21.269,2023-09-21,
21.262,2023-09-22,
21.248,2023-09-20,
21.241,2023-09-21,
21.234,2023-09-22,
21.213,2023-09-19,
21.192,2023-09-21,
21.185,2023-09-19,
21.178,2023-10-06,
21.171,2023-09-20,
21.164,2023-09-18,
21.143,2023-09-18,
21.136,2023-09-29,
21.129,2023-09-19,
21.115,2023-09-15,
21.108,2023-09-15,
21.101,2023-09-18,
21.094,2023-09-14,
21.017,2023-09-13,
21.010,2023-09-13,
21.003,2023-09-14,
20.996,2023-09-21,
20.982,2023-09-12,
20.975,2023-09-12,
20.968,2023-09-13,
20.961,2023-09-14,
20.947,2023-09-14,
20.933,2023-09-08,
20.919,2023-09-08,
20.905,2023-09-08,
20.898,2023-09-07,
20.884,2023-09-11,
20.877,2023-09-04,
20.863,2023-09-25,
20.856,2023-09-08,
20.842,2023-09-18,
20.828,2023-09-05,
20.800,2023-09-14,
20.793,2023-09-12,
20.786,2023-09-06,
20.765,2023-09-05,
20.751,2023-09-04,
20.737,2023-09-04,
20.730,2023-08-31,
20.723,2023-08-31,
20.709,2023-08-31,
20.702,2023-08-31,
20.695,2023-08-31,
20.688,2023-08-31,
20.681,2023-09-25,
20.674,2023-08-07,
20.667,2023-08-07,
20.660,2023-08-31,
20.653,2023-08-30,
20.639,2023-08-31,
20.625,2023-08-30,
20.618,2023-08-30,
20.611,2023-08-31,
20.597,2023-08-30,
20.590,2023-08-29,
20.583,2023-08-29,
20.576,2023-08-29,
20.569,2023-08-29,
20.562,2023-08-28,
20.555,2023-08-28,
20.548,2023-08-28,
20.541,2023-08-29,
20.513,2023-08-28,
20.499,2023-08-30,
20.492,2023-08-30,
20.485,2023-09-05,
20.478,2023-08-28,
20.471,2023-08-24,
20.464,2023-08-23,
20.457,2023-08-24,
20.450,2023-08-31,
20.443,2023-08-23,
20.436,2023-08-24,
20.429,2023-08-25,
20.422,2023-08-29,
20.415,2023-08-24,
20.408,2023-08-23,
20.401,2023-08-29,
20.394,2023-08-30,
20.387,2023-09-11,
20.380,2023-08-18,
20.373,2023-08-21,
20.359,2023-08-18,
20.352,2023-08-22,
20.345,2023-08-18,
20.338,2023-08-18,
20.331,2023-08-18,
20.317,2023-08-21,
20.310,2023-08-16,
20.289,2023-08-16,
20.282,2023-08-17,
20.275,2023-08-18,
20.226,2023-08-18,
20.219,2023-08-18,
20.212,2023-08-16,
20.191,2023-08-14,
20.184,2023-08-15,
20.177,2023-08-17,
20.163,2023-09-18,
20.156,2023-08-11,
20.149,2023-08-14,
20.128,2023-08-10,
20.121,2023-08-09,
20.114,2023-08-14,
20.107,2023-08-14,
20.100,2023-08-15,
20.093,2023-08-10,
20.086,2023-10-06,
20.079,2023-08-11,
20.072,2023-08-11,
20.065,2023-08-11,
20.058,2023-08-11,
20.051,2023-08-09,
20.044,2023-08-10,
20.037,2023-08-10,
20.030,2023-08-08,
20.023,2023-08-08,
20.016,2023-08-24,
20.009,2023-08-10,
20.002,2023-08-08,
19.995,2023-08-01,
19.981,2023-08-04,
19.974,2023-08-04,
19.967,2023-08-02,
19.939,2023-09-15,
19.932,2023-08-04,
19.925,2023-07-31,
19.883,2023-07-31,
19.876,2023-07-31,
19.869,2023-07-31,
19.827,2023-07-31,
19.820,2023-08-03,
19.813,2023-08-03,
19.799,2023-07-31,
19.792,2023-07-28,
19.785,2023-07-31,
19.722,2023-07-28,
19.715,2023-07-31,
19.316,2023-07-31,2023-09-19
19.309,2023-07-30,
19.302,2023-08-17,
19.288,2023-07-24,
19.281,2023-07-24,
19.274,2023-08-07,
19.260,2023-07-28,
19.253,2023-08-10,2023-08-29
19.246,2023-07-27,
19.232,2023-07-31,
19.225,2023-07-26,
19.218,2023-07-31,
19.211,2023-07-26,
19.176,2023-07-27,
19.169,2023-07-28,
19.162,2023-07-27,
19.155,2023-07-21,
19.148,2023-08-16,
19.141,2023-07-31,2023-08-16
19.113,2023-07-21,
19.015,2023-07-27,
19.008,2023-07-21,
19.001,2023-07-21,
18.994,2023-07-21,
18.987,2023-07-25,
18.980,2023-07-21,
18.959,2023-07-27,
18.952,2023-07-18,
18.938,2023-07-25,
18.931,2023-07-26,
18.917,2023-07-26,
18.910,2023-07-25,
18.903,2023-07-28,
18.896,2023-08-08,
18.889,2023-07-25,
18.882,2023-07-18,
18.875,2023-07-15,
18.868,2023-07-14,
18.861,2023-07-17,
18.854,2023-07-17,
18.847,2023-07-14,
18.840,2023-07-10,
18.833,2023-07-10,
18.826,2023-07-12,
18.819,2023-09-01,
18.812,2023-07-01,
18.805,2023-07-06,2023-10-06
18.798,2023-07-06,2023-10-06
18.791,2023-07-06,2023-09-28
18.784,2023-07-07,2023-09-22
18.777,2023-07-19,
18.770,2023-07-07,
18.763,2023-07-10,
18.756,2023-07-11,
18.686,2023-07-05,
18.679,2023-07-04,
18.637,2023-06-30,
18.630,2023-06-30,
18.623,2023-07-31,
18.616,2023-07-06,
18.609,2023-07-26,
18.602,2023-07-04,
18.595,2023-07-05,
18.588,2023-07-10,
18.581,2023-06-30,
18.574,2023-08-17,2023-08-17
18.567,2023-07-07,
18.560,2023-06-30,
18.553,2023-08-11,
18.546,2023-07-07,
18.539,2023-07-07,
18.532,2023-06-29,2023-09-06
18.511,2023-07-07,
18.504,2023-08-01,
18.497,2023-07-31,2023-09-04
18.490,2023-07-24,
18.476,2023-06-29,2023-07-25
18.462,2023-07-05,
18.448,2023-06-24,
18.434,2023-07-05,
18.357,2023-06-24,
18.350,2023-06-24,
18.343,2023-06-24,
18.329,2023-05-02,
18.322,2023-06-24,
18.315,2023-06-24,
18.308,2023-06-24,
18.301,2023-06-24,
18.294,2023-06-24,
18.287,2023-06-24,
18.280,2023-06-24,
18.273,2023-06-24,
18.266,2023-06-24,
18.259,2023-06-24,
18.252,2023-06-24,
18.245,2023-06-24,
18.238,2023-06-24,
18.231,2023-06-24,
18.224,2023-06-24,
18.217,2023-06-24,
18.210,2023-06-24,
18.203,2023-06-24,
18.196,2023-06-24,
18.189,2023-06-24,
18.182,2023-06-24,
18.175,2023-06-24,
18.140,2023-06-24,
18.056,2023-06-24,
18.042,2023-06-24,
18.028,2023-06-24,
18.021,2023-06-24,
18.014,2023-06-24,
18.007,2023-06-24,
18.000,2023-06-24,
17.993,2023-06-24,
17.986,2023-06-24,
17.979,2023-06-23,
17.972,2023-06-27,
17.965,2023-07-04,
17.958,2023-06-23,
17.951,2023-06-28,
17.944,2023-06-28,
17.930,2023-06-15,
17.923,2023-06-28,
17.916,2023-07-04,
17.909,2023-06-22,
17.867,2023-06-23,
17.839,2023-06-21,
17.832,2023-06-20,
17.818,2023-06-20,
17.811,2023-06-20,
17.804,2023-06-22,
17.797,2023-06-28,
17.790,2023-06-23,
17.776,2023-07-03,
17.769,2023-06-16,
17.755,2023-07-04,
17.748,2023-06-23,
17.720,2023-06-23,
17.699,2023-06-26,
17.692,2023-06-23,
17.685,2023-06-23,
17.510,2023-06-29,
17.503,2023-05-26,
17.496,2023-05-24,
17.489,2023-06-02,
17.482,2023-06-12,2023-07-07
17.475,2023-06-07,
17.468,2023-06-29,
17.433,2023-06-22,
17.426,2023-06-26,
17.412,2023-06-26,
17.405,2023-07-27,
17.398,2023-07-25,
17.391,2023-06-19,
17.384,2023-06-23,
17.349,2023-06-02,
17.342,2023-06-19,
17.335,2023-04-28,
17.328,2023-06-21,
17.314,2023-07-10,
17.307,2023-06-01,
17.300,2023-06-01,
17.293,2023-06-27,
17.286,2023-07-05,
17.279,2023-07-06,
17.265,2023-06-20,
17.258,2023-06-29,
17.251,2023-06-28,
17.244,2023-06-26,
17.237,2023-06-20,
17.230,2023-06-21,
17.209,2023-06-27,
17.202,2023-06-27,
17.188,2023-06-20,
17.181,2023-06-26,
17.174,2023-06-22,
17.167,2023-07-27,
17.125,2023-06-23,
17.118,2023-06-23,
17.111,2023-06-16,
17.097,2023-06-26,
17.090,2023-06-15,
17.062,2023-07-04,
17.055,2023-06-26,
17.048,2023-06-21,
17.027,2023-06-28,
17.020,2023-06-28,
17.013,2023-06-07,
17.006,2023-06-21,
16.985,2023-06-07,
16.978,2023-06-07,
16.971,2023-05-27,
16.957,2023-06-26,
16.915,2023-06-20,
16.908,2023-06-21,
16.901,2023-07-27,
16.894,2023-06-12,
16.873,2023-06-20,
16.845,2023-08-31,2023-09-14
16.838,2023-07-12,
16.831,2023-06-01,
16.824,2023-05-26,
16.817,2023-05-26,
16.810,2023-05-26,2023-06-27
16.803,2023-05-26,
16.796,2023-05-26,
16.789,2023-05-26,
16.782,2023-05-26,
16.775,2023-05-26,
16.768,2023-05-26,
16.761,2023-05-26,
16.747,2023-06-20,
16.726,2023-06-19,
16.712,2023-05-24,
16.698,2023-07-03,
16.691,2023-06-22,
16.684,2023-07-06,
16.677,2023-06-22,
16.670,2023-06-07,
16.663,2023-05-19,
16.656,2023-05-18,
16.649,2023-05-17,
16.642,2023-05-29,
16.635,2023-07-26,
16.628,2023-06-21,
16.621,2023-06-27,
16.614,2023-06-28,
16.607,2023-05-24,2023-08-01
16.600,2023-05-17,
16.593,2023-05-30,
16.586,2023-05-13,2023-05-13
16.572,2023-06-05,
16.537,2023-06-13,
16.516,2023-05-19,
16.502,2023-05-11,
16.488,2023-05-10,
16.474,2023-05-16,
16.467,2023-05-11,
16.460,2023-05-11,
16.229,2023-05-19,
16.110,2023-06-21,2023-08-18
16.096,2023-05-29,
16.089,2023-05-12,2023-05-12
16.082,2023-05-18,
16.075,2023-05-25,
16.061,2023-05-19,
16.054,2023-06-05,
16.047,2023-05-04,
16.040,2023-08-31,
16.012,2023-05-05,
15.998,2023-04-28,
15.991,2023-05-11,
15.984,2023-05-16,
15.977,2023-05-19,
15.970,2023-05-29,
15.963,2023-06-23,
15.956,2023-05-25,
15.949,2023-05-29,
15.942,2023-05-25,
15.935,2023-06-22,
15.928,2023-05-30,
15.921,2023-05-22,
15.914,2023-05-25,
15.907,2023-05-18,
15.900,2023-06-22,
15.893,2023-05-22,
15.886,2023-05-17,
15.872,2023-05-15,
15.865,2023-07-17,
15.858,2023-05-15,
15.851,2023-05-17,
15.844,2023-05-15,2023-08-24
15.837,2023-05-15,
15.830,2023-04-28,
15.823,2023-05-16,
15.816,2023-04-25,
15.802,2023-04-25,
15.795,2023-04-14,
15.788,2023-04-25,
15.781,2023-04-25,2023-05-19
15.774,2023-04-25,
15.767,2023-05-12,
15.760,2023-04-25,
15.753,2023-05-11,
15.746,2023-05-10,
15.739,2023-05-09,
15.732,2023-05-08,
15.725,2023-05-08,
15.718,2023-06-20,
15.711,2023-05-15,
15.704,2023-05-17,
15.697,2023-04-28,
15.690,2023-05-11,
15.662,2023-05-08,2023-08-30
14.969,2023-05-03,
14.962,2023-04-27,
14.906,2023-04-26,2023-04-28
14.857,2023-04-19,
14.829,2023-04-20,
14.822,2023-05-12,2023-05-17
14.815,2023-04-17,
14.808,2023-05-05,
14.801,2023-04-14,
14.794,2023-05-03,2023-07-28
14.787,2023-04-14,
14.773,2023-05-05,
14.766,2023-04-12,
14.759,2023-04-19,
14.745,2023-04-05,2023-04-05
14.738,2023-04-10,
14.731,2023-04-19,
14.724,2023-04-12,
14.689,2023-04-11,
14.682,2023-04-11,
14.675,2023-04-13,
14.668,2023-04-06,
14.605,2023-04-05,
14.591,2023-04-14,
14.584,2023-04-12,
14.577,2023-05-11,
14.542,2023-04-04,
14.535,2023-04-28,
14.528,2023-04-04,
14.514,2023-04-10,
14.507,2023-04-10,
14.500,2023-04-05,
14.493,2023-04-04,2023-04-19
14.486,2023-04-04,
14.479,2023-04-04,
14.395,2023-04-04,
14.388,2023-04-24,
14.367,2023-04-05,
14.353,2023-03-29,
14.346,2023-03-28,
14.339,2023-03-29,
14.332,2023-03-28,
14.318,2023-04-11,
14.311,2023-03-27,
14.304,2023-02-09,
14.297,2023-04-04,
14.255,2023-03-23,
14.248,2023-03-27,
14.241,2023-03-23,
14.234,2023-03-23,
14.227,2023-03-20,
14.220,2023-03-20,2023-05-09
14.206,2023-03-16,2023-03-16
14.199,2023-03-16,2023-10-09
14.171,2023-03-21,
14.164,2023-03-15,
14.150,2023-03-13,2023-06-12
14.143,2023-03-13,
14.122,2023-03-14,2023-05-08
14.115,2023-03-21,
14.101,2023-03-17,
14.094,2023-03-24,
14.087,2023-03-10,
14.080,2023-03-10,
14.073,2023-03-31,
14.066,2023-03-10,
14.059,2023-03-08,
14.052,2023-03-09,
14.045,2023-03-14,
14.038,2023-03-08,
14.024,2023-03-08,
13.996,2023-03-08,
13.982,2023-03-06,
13.947,2023-03-07,
13.919,2023-02-14,
13.905,2023-03-03,2023-10-09
13.884,2023-03-01,
13.877,2023-03-01,
13.870,2023-03-10,
13.863,2023-03-10,
13.856,2023-02-28,2023-04-05
13.842,2023-03-20,
13.835,2023-03-03,2023-04-11
13.828,2023-02-27,
13.821,2023-02-27,2023-08-24
13.807,2023-02-27,
13.800,2023-02-17,2023-09-25
13.793,2023-02-24,
13.786,2023-02-27,
13.779,2023-02-24,
13.772,2023-02-24,
13.765,2023-02-24,
13.758,2023-02-27,
13.751,2023-03-01,
13.744,2023-02-17,
13.723,2023-02-24,
13.716,2023-02-24,
13.709,2023-01-19,
13.695,2022-11-10,
13.688,2023-03-09,
13.681,2023-02-17,
13.674,2023-02-15,2023-04-20
13.667,2023-02-16,2023-08-10
13.660,2023-02-15,
13.646,2023-02-16,
13.639,2023-02-09,
13.618,2023-02-13,
13.611,2023-02-09,
13.604,2023-02-23,
13.583,2023-02-10,
13.576,2023-02-14,
13.569,2023-02-28,
13.562,2023-02-08,
13.555,2023-02-06,
13.548,2023-02-07,2023-09-15
13.534,2023-02-06,
13.527,2023-02-07,2023-08-21
13.520,2023-02-14,
13.513,2023-02-06,
13.499,2023-01-16,2023-09-12
13.492,2023-02-07,
13.471,2023-02-02,
13.464,2023-02-06,
13.457,2023-02-08,
13.443,2023-02-02,
13.436,2023-02-02,2023-08-15
13.429,2023-02-02,
13.422,2023-01-31,
13.415,2023-02-03,2023-10-02
13.289,2023-01-19,2023-01-19
13.282,2023-01-19,
13.247,2023-01-19,
13.240,2023-01-19,
13.233,2023-01-30,
13.219,2023-01-27,
13.212,2023-01-27,2023-05-23
13.205,2023-02-01,2023-06-06
13.198,2023-01-27,2023-06-20
12.974,2023-01-31,
12.967,2023-01-25,
12.960,2023-01-25,
12.953,2023-01-27,
12.939,2023-01-25,
12.932,2023-01-30,2023-08-31
12.918,2023-01-26,
12.911,2023-01-23,
12.904,2023-01-23,
12.897,2023-01-25,
12.890,2023-02-03,
12.883,2023-02-01,2023-04-28
12.876,2023-01-23,2023-03-06
12.869,2023-01-27,
12.862,2023-01-25,
12.855,2023-01-20,2023-05-05
12.848,2023-01-27,
12.841,2023-01-20,
12.834,2023-01-23,
12.827,2023-01-25,
12.820,2023-01-25,
12.813,2022-06-10,
12.792,2023-01-23,
12.785,2023-01-12,
12.771,2023-01-13,
12.764,2023-01-11,
12.757,2023-01-10,
12.750,2023-01-13,
12.736,2023-01-19,2023-06-26
12.722,2023-01-18,
12.708,2023-01-13,2023-04-25
12.701,2023-01-31,
12.694,2023-01-13,
12.687,2023-02-02,
12.680,2023-01-27,
12.673,2021-11-11,
12.659,2021-11-11,
12.652,2021-11-17,
12.645,2021-11-23,
12.638,2022-12-01,2022-12-01
12.631,2022-04-06,
12.624,2021-12-06,
12.617,2021-11-19,
12.610,2021-11-19,
12.603,2021-11-30,
12.589,2021-10-29,2023-03-16
12.582,2021-10-29,2022-12-01
12.575,2022-05-09,
12.568,2021-11-12,
12.561,2021-10-29,2023-08-07
12.554,2021-11-03,2023-07-24
12.547,2021-12-17,
12.540,2022-01-12,
12.533,2021-11-25,
12.526,2021-11-17,
12.519,2021-11-23,
12.442,2023-01-18,
12.435,2023-01-23,
12.428,2023-01-18,
12.421,2023-01-30,
12.414,2023-01-13,
12.400,2023-01-19,
12.386,2023-02-10,2023-06-27
12.379,2023-01-18,2023-07-11
12.358,2023-02-02,
12.344,2022-12-30,
12.337,2022-12-30,
12.330,2023-01-19,2023-06-14
12.323,2023-02-14,2023-06-28
12.316,2022-12-30,
12.309,2023-01-23,2023-08-17
12.302,2022-12-30,
12.295,2022-12-30,
12.288,2023-01-12,
12.281,2023-01-24,2023-05-19
12.274,2023-01-19,2023-05-16
12.267,2023-01-24,2023-06-27
12.253,2023-01-18,2023-05-19
12.232,2023-01-13,
12.211,2022-12-28,
12.204,2022-12-26,
12.197,2022-12-30,
12.190,2023-01-19,
12.183,2022-12-22,
12.176,2022-12-27,
12.169,2022-12-23,
12.162,2023-01-17,2023-07-12
12.155,2022-12-22,
12.148,2022-12-22,
12.141,2022-12-22,
12.134,2023-01-19,
12.127,2022-12-28,
12.106,2022-12-23,2023-02-25
12.099,2023-01-26,
12.092,2023-01-23,
12.085,2022-12-27,
12.078,2022-12-28,
12.071,2023-01-10,
12.064,2022-12-30,
12.057,2022-12-22,
12.043,2023-01-18,
12.036,2023-01-25,
12.029,2022-12-23,
12.022,2022-12-23,
12.008,2023-02-03,
12.001,2023-01-17,2023-02-14
11.994,2022-12-26,
11.987,2023-01-13,2023-05-25
11.980,2022-12-21,
11.973,2022-12-23,
11.966,2022-12-23,
11.959,2022-12-21,
11.952,2022-12-30,
11.945,2023-01-18,2023-04-05
11.938,2023-01-23,
11.896,2022-12-21,
11.889,2022-12-27,
11.882,2023-01-18,2023-09-05
11.868,2022-12-22,2023-06-05
11.861,2022-12-21,
11.854,2022-12-20,
11.840,2022-12-26,
11.833,2023-03-08,2023-05-09
11.826,2022-12-30,
11.819,2023-01-18,2023-06-05
11.812,2023-01-24,
11.805,2023-01-27,
11.798,2022-12-21,2023-09-29
11.791,2023-01-13,
11.777,2022-12-27,
11.770,2022-12-21,
11.763,2022-12-23,2023-06-13
11.756,2022-12-26,
11.749,2022-12-21,2023-02-23
11.742,2022-12-27,
11.735,2022-12-27,
11.728,2022-12-27,
11.721,2022-12-21,2022-12-23
11.714,2022-12-28,
11.707,2022-12-20,
11.700,2022-12-19,2023-05-26
11.693,2022-12-20,
11.672,2022-12-19,
11.665,2022-12-19,
11.658,2022-12-28,
11.651,2022-12-29,
11.644,2022-12-29,
11.637,2022-12-29,
11.630,2022-12-27,
11.616,2022-12-20,
11.609,2022-12-15,
11.602,2022-12-19,
11.595,2022-12-15,
11.581,2022-12-30,2023-03-30
11.574,2023-01-16,
11.560,2022-12-13,
11.553,2022-12-30,
11.546,2022-12-13,2023-05-11
11.532,2022-12-13,
11.525,2022-12-15,2023-05-30
11.518,2022-11-11,
11.511,2022-12-01,
11.504,2022-12-23,
11.497,2022-12-21,
11.490,2022-12-09,
11.483,2022-12-12,
11.476,2022-12-09,
11.455,2022-12-13,
11.448,2022-12-14,2023-04-17
11.441,2022-12-08,
11.434,2022-12-07,2023-04-26
11.427,2022-12-08,
11.420,2022-12-21,
11.413,2023-01-26,
11.406,2022-12-29,2023-06-28
11.392,2022-12-15,
11.385,2023-01-30,
11.378,2022-12-14,
11.371,2022-12-30,
11.357,2022-12-21,
11.350,2022-12-19,
11.343,2023-01-16,
11.336,2022-12-13,
11.329,2022-12-27,
11.315,2022-12-07,
11.308,2022-12-08,2023-09-06
11.301,2022-12-15,
11.294,2022-12-14,
11.287,2023-01-13,
11.273,2022-12-26,
11.266,2022-12-28,
11.259,2022-12-30,
11.252,2023-02-02,
11.238,2022-12-14,
11.224,2022-12-07,
11.217,2022-12-08,
11.203,2022-12-09,
11.196,2022-12-08,
11.189,2022-12-12,2023-07-11
11.182,2023-01-18,
11.175,2022-12-08,
11.168,2022-12-08,
11.161,2022-12-09,
11.154,2022-12-14,
11.147,2022-12-06,
11.133,2022-12-28,
11.126,2022-12-07,
11.119,2022-12-14,
11.112,2022-12-02,
11.105,2022-12-02,
11.098,2023-01-24,2023-06-30
11.084,2022-12-15,
11.077,2022-12-06,2023-08-22
11.063,2022-12-01,
11.056,2022-12-01,
11.049,2022-12-20,
11.042,2022-11-30,
11.028,2023-02-13,
11.021,2022-12-06,
11.014,2023-01-19,
11.007,2022-12-01,
11.000,2022-12-01,
10.993,2022-11-30,
10.986,2022-12-01,
10.979,2022-12-23,
10.972,2022-11-30,2022-12-23
10.951,2022-12-07,
10.944,2022-12-01,
10.937,2022-11-25,2023-01-31
10.930,2022-12-02,
10.923,2022-12-01,
10.916,2022-12-07,
10.909,2022-11-28,2023-03-01
10.902,2022-11-28,
10.895,2023-01-18,2023-07-05
10.839,2023-01-26,
10.832,2022-11-29,
10.818,2022-11-29,
10.811,2022-11-25,
10.804,2022-11-25,
10.797,2022-12-01,
10.790,2022-11-28,
10.783,2022-11-23,2023-03-13
10.776,2022-11-28,
10.762,2022-12-01,
10.748,2022-11-29,
10.741,2022-11-25,
10.713,2022-11-22,
10.706,2022-12-05,
10.699,2022-11-25,
10.692,2022-11-17,2023-01-19
10.685,2022-11-30,
10.678,2022-11-29,
10.671,2022-11-25,
10.664,2022-12-01,
10.636,2022-11-23,
10.629,2022-11-23,2023-08-14
10.622,2022-12-12,
10.615,2022-12-14,
10.608,2022-11-30,2023-09-06
10.601,2022-11-23,
10.594,2022-11-22,
10.587,2022-11-30,
10.580,2022-11-25,
10.573,2022-12-29,2023-03-26
10.566,2022-11-17,
10.559,2022-11-17,
10.552,2022-11-17,2023-02-02
10.545,2022-11-17,
10.538,2022-11-18,
10.531,2022-11-21,2022-12-19
10.517,2022-11-11,2023-02-06
10.510,2022-11-18,
10.503,2022-11-03,
10.496,2022-11-10,2023-08-30
10.489,2022-11-12,2023-03-02
10.482,2022-11-11,
10.475,2022-11-25,
10.468,2022-11-12,
10.447,2022-11-30,
10.440,2022-11-18,2023-09-25
10.433,2022-12-26,2023-07-05
10.398,2022-11-10,
10.391,2022-11-10,
10.384,2022-11-09,
10.370,2022-11-18,2023-06-07
10.363,2022-11-08,2022-12-23
10.356,2022-11-09,
10.342,2022-12-07,
10.328,2022-11-18,
10.321,2022-11-07,
10.314,2022-12-30,2023-04-14
10.307,2022-11-10,
10.300,2022-11-04,
10.293,2022-11-04,
10.286,2022-11-03,
10.279,2022-11-04,
10.272,2022-11-18,2023-05-09
10.265,2022-11-17,
10.258,2022-11-07,2022-12-22
10.251,2022-12-02,
10.237,2022-11-07,
10.230,2022-11-07,2023-02-01
10.216,2022-11-16,
10.209,2022-11-07,
10.202,2022-11-04,
10.195,2022-11-07,2023-03-01
10.188,2022-11-07,2023-06-06
10.181,2022-11-03,
10.167,2022-11-07,
10.160,2022-11-08,
10.153,2022-11-03,
10.146,2022-11-07,
10.139,2022-11-17,2023-04-25
10.132,2022-11-08,2023-04-25
10.125,2022-10-31,
10.118,2022-11-23,2023-02-23
10.111,2022-11-04,2023-05-08
10.104,2022-11-04,
10.097,2022-10-29,2023-02-06
10.083,2022-11-22,
10.076,2022-11-08,
10.069,2022-11-03,
10.055,2022-10-31,
10.020,2022-10-29,
9.999,2022-08-30,
9.992,2022-11-01,2023-05-03
9.985,2022-11-03,2023-04-19
9.978,2023-01-24,2023-04-25
9.971,2022-11-04,2023-04-25
9.964,2022-11-09,
9.957,2022-10-31,
9.950,2022-12-02,2022-12-19
9.943,2022-10-28,
9.936,2022-10-28,
9.929,2022-10-28,
9.922,2022-10-27,
9.915,2022-12-01,
9.908,2022-10-27,
9.894,2022-10-27,
9.887,2022-10-24,
9.859,2022-10-27,
9.838,2022-12-26,2023-05-10
9.831,2022-11-03,
9.824,2022-10-26,
9.817,2022-10-27,
9.810,2022-10-28,
9.803,2022-11-01,2022-12-22
9.796,2022-10-27,
9.789,2022-11-14,
9.782,2022-10-26,
9.775,2022-11-08,
9.768,2022-10-26,
9.761,2022-10-25,
9.754,2022-10-25,2022-12-22
9.747,2022-10-25,
9.740,2022-11-16,2023-02-16
9.733,2022-10-27,
9.719,2022-10-26,
9.712,2022-11-18,
9.705,2022-10-26,
9.691,2022-10-26,
9.684,2022-04-01,
9.677,2021-05-28,
9.670,2021-05-28,
9.663,2021-05-28,
9.656,2021-05-28,
9.649,2021-05-28,
9.642,2021-05-28,
9.635,2021-05-28,
9.628,2021-05-28,
9.621,2021-05-28,2022-04-12
9.614,2021-05-28,
9.607,2022-10-24,
9.600,2022-10-21,
9.586,2022-10-25,
9.579,2022-10-27,
9.572,2022-11-01,
9.565,2022-10-20,2022-12-29
9.558,2022-10-31,
9.551,2022-10-21,
9.544,2022-11-07,2023-10-04
9.537,2022-10-20,2022-12-23
9.530,2022-10-20,2023-02-18
9.523,2022-10-24,2023-02-18
9.516,2022-10-25,2023-05-26
9.495,2022-10-20,
9.488,2022-10-20,2023-08-29
9.481,2022-10-20,2023-08-29
9.474,2022-10-19,
9.467,2022-10-21,2022-11-18
9.460,2022-10-21,
9.453,2022-10-20,2023-08-30
9.446,2022-10-19,
9.439,2022-11-03,
9.432,2022-10-19,
9.425,2022-10-17,2023-02-03
9.418,2022-10-17,
9.411,2022-10-28,2023-06-28
9.404,2022-10-27,
9.397,2022-10-18,
9.390,2022-10-19,2022-12-05
9.383,2022-10-21,
9.376,2022-10-18,
9.369,2022-11-17,
9.362,2022-10-17,
9.355,2022-10-17,2022-11-09
9.348,2022-10-20,
9.341,2022-11-07,
9.327,2022-10-17,
9.320,2022-10-26,
9.313,2022-10-17,
9.299,2022-10-21,2023-03-15
9.292,2022-10-14,
9.285,2022-10-13,
9.278,2022-10-17,
9.271,2022-10-17,
9.264,2022-10-11,
9.257,2022-10-14,
9.250,2022-10-18,
9.243,2022-10-14,
9.236,2022-10-11,
9.229,2022-10-11,
9.222,2022-10-13,
9.215,2022-10-11,
9.208,2022-10-19,
9.201,2022-10-05,
9.187,2022-10-17,
9.180,2022-10-14,
9.173,2022-10-13,
9.166,2022-10-14,2022-12-21
9.159,2022-10-07,
9.152,2022-10-06,
9.145,2022-10-10,2023-09-19
9.138,2022-10-14,
9.124,2022-10-13,2023-03-08
9.117,2022-10-13,
9.110,2022-10-04,
9.103,2022-10-18,
9.096,2022-11-14,2022-12-14
9.089,2022-10-04,
9.082,2022-10-08,
9.075,2022-10-03,2022-12-22
9.068,2022-10-05,2023-07-20
9.054,2022-10-04,
9.019,2022-09-29,
9.012,2022-10-13,
9.005,2022-09-30,2023-07-26
8.998,2022-09-30,
8.984,2022-10-03,2022-11-04
8.977,2022-10-19,2023-07-06
8.970,2022-09-29,
8.963,2022-09-28,2022-11-03
8.956,2022-09-27,
8.942,2022-09-27,2022-12-29
8.935,2022-09-28,
8.921,2022-09-28,
8.872,2022-11-03,2022-12-06
8.865,2022-09-28,2023-01-09
8.851,2022-09-26,
8.844,2022-09-26,
8.837,2022-09-28,2023-08-29
8.830,2022-10-03,
8.823,2022-09-26,2023-05-31
8.816,2022-09-27,
8.809,2022-09-22,
8.802,2022-09-21,2022-12-28
8.795,2022-09-22,
8.788,2022-09-23,2023-05-12
8.781,2022-10-24,2022-10-27
8.774,2022-09-21,
8.767,2022-09-21,
8.753,2022-10-18,
8.746,2022-09-26,2023-09-26
8.739,2022-09-23,
8.732,2022-10-06,
8.725,2022-10-06,
8.718,2022-09-28,
8.711,2022-09-20,
8.704,2022-09-21,
8.697,2022-10-13,
8.690,2022-09-28,
8.683,2022-10-13,
8.676,2022-09-30,2023-03-13
8.669,2022-09-19,
8.662,2022-10-14,
8.655,2022-09-19,
8.648,2022-09-22,
8.634,2022-09-20,
8.627,2022-09-20,
8.613,2022-09-15,
8.606,2022-09-20,2023-09-20
8.599,2022-09-27,2023-01-16
8.592,2022-09-16,
8.585,2022-09-21,
8.578,2022-09-16,2023-07-11
8.571,2022-09-26,
8.564,2022-09-28,
8.557,2022-09-16,
8.550,2022-09-19,
8.543,2022-10-03,
8.536,2022-09-19,
8.529,2022-10-07,
8.522,2022-09-15,2023-07-05
8.515,2022-09-19,
8.494,2022-09-14,
8.487,2022-09-08,2022-10-11
8.480,2022-10-11,2023-08-14
8.473,2022-09-15,
8.466,2022-09-16,
8.459,2022-09-08,2022-11-09
8.452,2022-09-06,
8.445,2022-09-06,
8.438,2022-09-09,
8.431,2022-09-09,2023-06-28
8.424,2022-10-27,
8.417,2022-09-06,
8.403,2022-09-09,
8.396,2022-09-21,
8.389,2022-09-05,
8.368,2022-09-14,
8.361,2022-10-13,
8.354,2022-09-14,
8.347,2022-09-02,
8.333,2022-09-09,
8.326,2022-09-01,
8.319,2022-09-01,
8.312,2022-09-02,
8.305,2022-09-14,
8.298,2022-09-01,2023-07-12
8.291,2022-09-23,
8.284,2022-08-31,
8.270,2022-10-17,2023-06-28
8.263,2022-09-13,
8.256,2022-09-15,
8.249,2022-09-13,2022-12-29
8.242,2022-09-06,2023-08-29
8.235,2022-08-30,2023-04-24
8.228,2022-08-30,
8.221,2022-09-09,
8.214,2022-09-20,
8.200,2022-08-29,
8.193,2022-09-01,
8.186,2022-08-25,2023-05-26
8.179,2022-08-25,
8.172,2022-09-02,
8.165,2022-08-25,2023-04-19
8.151,2022-09-12,
8.144,2022-08-25,
8.137,2022-08-25,2022-11-17
8.130,2022-08-24,
8.123,2022-08-25,
8.116,2022-09-06,2023-08-31
8.109,2022-10-18,
8.102,2022-09-08,
8.095,2022-08-24,2023-06-30
8.088,2022-08-29,
8.081,2022-08-26,
8.074,2022-11-14,
8.067,2022-09-01,
8.060,2022-08-25,
8.053,2022-08-30,
8.046,2022-09-09,2022-11-08
8.039,2022-08-19,
8.032,2022-08-18,
8.025,2022-08-19,
8.018,2022-08-25,
8.011,2022-08-18,
8.004,2022-08-17,
7.997,2022-08-17,
7.990,2022-08-17,2022-11-11
7.976,2022-08-16,
7.969,2022-10-10,2023-05-24
7.962,2022-08-12,
7.955,2022-08-15,
7.941,2022-08-15,2023-07-17
7.934,2022-08-11,
7.920,2022-08-11,
7.906,2022-08-12,
7.892,2022-08-15,2023-09-12
7.885,2022-09-06,
7.878,2022-08-10,
7.871,2022-08-10,2023-07-31
7.864,2022-10-17,
7.857,2022-08-12,
7.850,2022-08-11,
7.843,2022-08-08,2022-12-19
7.836,2022-08-09,
7.815,2022-08-11,
7.808,2022-08-04,
7.801,2022-08-08,
7.794,2022-08-10,
7.759,2022-08-23,2022-12-19
7.500,2022-08-10,2022-12-23
7.493,2022-08-09,
7.486,2022-08-01,
7.479,2022-09-09,2022-11-22
7.472,2022-07-29,
7.465,2022-08-03,2022-10-24
7.458,2022-08-02,
7.451,2022-08-23,
7.444,2022-08-09,2022-11-07
7.437,2022-08-08,
7.423,2022-07-28,
7.416,2022-07-26,2023-08-21
7.409,2022-08-08,2023-08-16
7.402,2022-08-01,
7.395,2022-08-01,2023-04-04
7.388,2022-08-02,
7.381,2022-08-10,2023-02-28
7.367,2022-07-22,
7.360,2022-07-20,
7.353,2022-07-22,
7.346,2022-07-22,
7.332,2022-07-19,
7.325,2022-07-20,
7.318,2022-07-19,2023-03-10
7.311,2022-08-09,2022-11-04
7.304,2022-07-15,2023-05-08
7.297,2022-07-26,2023-01-17
7.290,2022-07-21,2022-10-17
7.283,2022-07-18,
7.276,2022-07-18,
7.269,2022-07-15,
7.262,2022-07-15,
7.255,2022-07-13,
7.248,2022-07-21,
7.241,2022-07-22,2023-02-13
7.234,2022-08-05,
7.227,2022-07-18,
7.220,2022-07-26,
7.213,2022-07-20,
7.206,2022-07-14,
7.199,2022-07-13,
7.192,2022-07-13,
7.185,2022-07-12,
7.178,2022-07-13,2023-07-11
7.171,2022-07-18,
7.143,2022-07-13,
7.136,2022-07-15,
7.129,2022-07-12,
7.122,2022-07-18,
7.115,2022-07-12,
7.108,2022-07-22,
7.101,2022-07-12,
7.094,2022-07-20,2022-11-08
7.087,2022-07-15,2023-09-27
7.080,2022-07-12,2023-07-12
7.073,2022-07-12,
7.066,2022-07-11,
7.059,2022-07-18,2022-12-22
7.052,2022-07-22,
7.045,2022-07-19,
7.031,2022-07-11,
7.024,2022-07-14,
7.017,2022-07-19,
7.010,2022-07-12,
7.003,2022-07-21,2023-09-20
6.996,2022-07-15,
6.989,2022-07-13,
6.982,2022-07-11,
6.975,2022-07-12,
6.968,2022-07-21,
6.954,2022-07-18,
6.947,2022-07-11,
6.940,2022-07-13,
6.933,2022-08-25,
6.926,2022-07-11,2022-11-04
6.919,2022-07-14,
6.912,2022-07-25,
6.905,2022-07-11,
6.898,2022-07-11,
6.891,2022-07-12,
6.884,2022-07-11,
6.877,2022-07-11,
6.870,2022-07-15,
6.863,2022-07-19,2022-10-25
6.856,2022-07-11,
6.849,2022-07-11,
6.835,2022-07-14,
6.828,2022-07-11,
6.821,2022-07-20,
6.814,2022-07-19,2023-08-25
6.807,2022-07-11,
6.800,2022-07-11,2022-10-19
6.793,2022-07-12,
6.786,2022-07-11,
6.779,2022-07-11,
6.772,2022-07-19,
6.758,2022-07-11,
6.751,2022-07-12,
6.744,2022-07-15,2023-06-21
6.737,2022-07-11,
6.730,2022-08-05,
6.723,2022-07-11,
6.716,2022-07-19,
6.709,2022-07-04,
6.702,2022-07-18,
6.695,2022-07-11,
6.688,2022-07-11,
6.681,2022-07-13,
6.674,2022-07-19,
6.667,2022-07-12,2023-08-31
6.660,2022-07-15,
6.653,2022-07-12,
6.646,2022-07-12,
6.632,2022-06-30,
6.625,2022-07-08,
6.618,2022-07-26,
6.611,2022-07-01,
6.604,2022-07-08,
6.597,2022-07-12,2023-07-11
6.590,2022-08-15,
6.583,2022-07-12,
6.576,2022-07-13,
6.569,2022-07-04,
6.562,2022-07-20,2023-08-30
6.555,2022-07-05,
6.548,2022-06-30,
6.541,2022-06-29,2023-04-06
6.534,2022-07-01,2023-08-29
6.527,2022-06-30,2023-06-29
6.520,2022-07-14,
6.513,2022-07-13,
6.506,2022-07-22,
6.499,2022-07-13,2023-03-03
6.492,2022-06-28,
6.485,2022-07-11,2022-09-06
6.471,2022-07-12,
6.464,2022-06-30,
6.457,2022-06-29,
6.450,2022-06-29,2023-09-19
6.443,2022-06-24,2022-10-19
6.429,2022-06-30,
6.422,2022-07-11,2022-09-02
6.415,2022-06-30,2023-06-29
6.408,2022-10-10,
6.401,2022-07-15,2023-07-03
6.394,2022-07-11,
6.387,2022-07-28,
6.373,2022-06-29,2022-10-26
6.366,2022-06-22,
6.359,2022-06-29,
6.352,2022-06-22,
6.345,2022-06-30,
6.338,2022-07-11,2022-10-20
6.331,2022-06-24,
6.324,2022-08-24,
6.317,2022-07-11,2023-07-04
6.310,2022-07-11,
6.303,2022-07-04,
6.296,2022-07-04,
6.289,2022-07-12,2022-10-26
6.282,2022-06-27,
6.268,2022-07-28,2023-09-19
6.261,2022-06-30,
6.254,2022-06-27,
6.247,2022-06-27,2023-05-26
6.240,2022-06-23,2023-07-04
6.233,2022-06-21,
6.226,2022-06-21,2022-07-15
6.219,2022-06-24,
6.212,2022-06-24,
6.205,2022-06-21,2022-10-14
6.198,2022-06-30,
6.191,2022-07-07,
6.184,2022-06-21,
6.177,2022-06-21,
6.170,2022-06-24,
6.163,2022-06-23,
6.156,2022-06-23,
6.149,2022-09-28,
6.135,2022-06-28,
6.128,2022-06-20,
6.121,2022-06-21,
6.114,2022-08-02,
6.107,2022-06-21,2023-06-06
6.086,2022-06-22,
6.072,2022-07-14,
6.058,2022-06-21,2023-07-04
6.044,2022-06-20,
6.037,2022-06-10,
6.030,2022-06-09,
6.023,2022-06-17,
6.016,2022-06-28,
6.009,2022-06-23,2022-10-21
6.002,2022-06-28,
5.995,2022-06-14,
5.988,2022-06-21,2023-03-02
5.981,2022-06-21,2023-03-02
5.974,2022-06-23,2023-03-02
5.967,2022-06-24,2023-02-14
5.960,2022-06-22,
5.953,2022-06-23,
5.939,2022-06-21,2023-03-02
5.932,2022-06-27,
5.918,2022-06-20,
5.897,2022-08-03,
5.890,2022-06-08,
5.883,2022-06-09,
5.876,2022-06-20,
5.869,2022-06-09,
5.862,2022-06-20,
5.855,2022-06-06,
5.848,2022-07-01,2023-08-04
5.841,2022-06-21,
5.834,2022-06-24,
5.827,2022-06-09,
5.820,2022-06-09,
5.813,2022-08-09,2023-07-03
5.806,2022-06-22,2023-06-23
5.799,2022-07-26,2023-01-18
5.792,2022-06-09,
5.785,2022-06-27,
5.778,2022-09-23,
5.771,2022-10-26,
5.764,2022-06-27,
5.750,2022-07-11,
5.743,2022-06-14,
5.736,2022-06-29,2022-09-15
5.729,2022-06-22,2023-09-20
5.722,2022-07-27,2023-06-28
5.715,2022-07-11,2023-07-10
5.708,2022-06-20,2023-07-31
5.701,2022-06-28,2022-10-04
5.687,2022-06-22,2023-01-17
5.680,2022-06-15,2023-06-26
5.673,2022-06-27,
5.666,2022-06-02,
5.659,2022-06-28,
5.645,2022-06-21,
5.638,2022-06-20,
5.624,2022-06-06,
5.617,2022-06-06,
5.610,2022-06-20,
5.596,2022-06-20,
5.589,2022-06-06,
5.582,2022-06-22,
5.575,2022-07-07,
5.568,2022-06-09,
5.561,2022-06-02,
5.554,2022-06-02,
5.547,2022-06-02,
5.540,2022-06-21,
5.533,2022-06-21,
5.526,2022-06-02,
5.512,2022-06-27,2022-11-24
5.505,2022-06-03,
5.498,2022-06-24,
5.491,2022-06-03,
5.484,2022-06-09,2023-05-26
5.477,2022-06-24,2022-07-27
5.470,2022-06-01,
5.463,2022-05-27,
5.456,2022-05-30,
5.449,2022-05-31,
5.442,2022-06-07,2022-10-13
5.435,2022-05-31,
5.428,2022-05-27,
5.421,2022-06-13,
5.400,2022-06-03,
5.393,2022-05-30,2022-11-18
5.386,2022-06-22,
5.379,2022-06-07,2023-08-01
5.372,2022-05-27,
5.365,2022-06-23,
5.351,2022-05-31,
5.344,2022-05-27,
5.337,2022-05-30,2023-06-12
5.330,2022-05-30,
5.323,2022-07-08,
5.309,2022-06-03,
5.302,2022-05-30,2023-05-26
5.295,2022-06-06,
5.288,2022-05-30,
5.274,2022-05-25,
5.267,2022-06-02,
5.260,2022-06-23,2023-08-24
5.253,2022-05-31,2022-08-23
5.246,2022-05-27,
5.239,2022-05-31,2022-09-26
5.232,2022-05-25,
5.225,2022-05-30,
5.218,2022-05-30,2023-02-28
5.197,2022-05-25,2022-10-06
5.190,2022-05-26,
5.183,2022-05-23,
5.176,2022-05-31,2022-07-12
5.169,2022-05-25,
5.162,2022-05-31,2022-08-22
5.155,2022-05-31,2023-04-26
5.148,2022-05-24,
5.141,2022-06-02,
5.134,2022-06-03,
5.127,2022-05-30,
5.120,2022-06-02,
5.113,2022-05-16,
5.106,2022-05-23,
5.099,2022-05-23,
5.092,2022-05-31,2023-02-28
5.085,2022-05-26,2023-07-04
5.071,2022-05-24,
5.064,2022-07-01,2023-05-17
5.057,2022-05-24,
5.050,2022-05-27,
5.043,2022-09-02,
5.036,2022-06-01,
5.029,2022-05-24,
5.015,2022-05-23,
5.008,2022-05-24,2023-07-03
5.001,2022-05-23,
4.987,2022-05-24,
4.980,2022-05-18,
4.973,2022-05-23,2022-12-13
4.966,2022-05-23,
4.959,2022-05-18,
4.952,2022-05-24,2023-02-06
4.945,2022-05-19,2022-11-03
4.938,2022-05-20,
4.931,2022-05-20,
4.924,2022-05-27,
4.917,2022-06-02,
4.910,2022-05-20,2023-08-16
4.903,2022-05-16,2023-04-10
4.896,2022-05-20,2023-06-06
4.889,2022-05-19,2023-08-10
4.882,2022-05-10,2022-12-01
4.875,2022-05-17,
4.868,2022-05-20,
4.861,2022-05-23,2023-02-28
4.854,2022-05-24,
4.847,2022-05-20,
4.840,2022-05-16,
4.826,2022-05-17,
4.819,2022-05-26,
4.812,2022-05-13,
4.805,2022-05-16,
4.798,2022-05-18,
4.791,2022-05-18,
4.784,2022-05-19,2023-01-19
4.777,2022-05-31,2022-09-29
4.770,2022-05-19,
4.763,2022-05-12,2023-01-27
4.749,2022-05-18,
4.742,2022-05-13,
4.735,2022-05-17,2023-08-10
4.728,2022-05-25,
4.721,2022-05-24,
4.714,2022-05-11,
4.707,2022-06-09,
4.700,2022-05-13,
4.693,2022-06-02,2023-08-21
4.686,2022-05-12,2023-02-06
4.679,2022-05-26,
4.672,2022-06-01,
4.665,2022-07-27,
4.658,2022-05-18,
4.651,2022-05-11,
4.644,2022-05-12,
4.637,2022-05-11,
4.630,2022-05-12,
4.623,2022-05-19,
4.616,2022-05-12,
4.609,2022-06-15,2023-07-13
4.602,2022-05-18,
4.595,2022-05-18,2023-08-31
4.581,2022-05-27,
4.574,2022-05-31,
4.567,2022-05-18,
4.560,2022-05-23,
4.553,2022-05-12,
4.546,2022-05-12,
4.539,2022-05-24,
4.532,2022-05-11,
4.525,2022-05-11,
4.518,2022-05-13,
4.511,2022-05-11,
4.504,2022-04-28,
4.497,2022-05-11,
4.490,2022-05-12,
4.483,2022-04-27,
4.476,2022-04-27,
4.469,2022-04-27,2023-09-27
4.462,2022-05-12,
4.455,2022-05-02,
4.448,2022-05-24,
4.441,2022-05-19,
4.434,2022-05-12,2023-08-16
4.427,2022-05-13,
4.420,2022-04-29,
4.413,2022-05-18,
4.399,2022-05-18,
4.392,2022-05-18,2023-08-03
4.385,2022-05-09,2022-06-02
4.378,2022-05-09,
4.371,2022-04-26,
4.364,2022-04-05,
4.357,2022-04-26,
4.350,2022-05-11,
4.343,2022-05-09,
4.336,2022-06-07,
4.329,2022-05-25,
4.322,2022-05-04,
4.315,2022-04-29,
4.308,2022-05-09,2023-05-12
4.301,2022-05-09,
4.294,2022-04-26,
4.287,2022-04-27,
4.280,2022-04-28,
4.273,2022-04-29,
4.266,2022-04-28,
4.259,2022-05-17,
4.252,2022-04-27,
4.245,2022-04-29,
4.238,2022-04-20,2022-04-25
4.231,2022-04-18,2022-04-18
4.224,2022-05-02,
4.217,2022-04-19,
4.203,2022-04-25,
4.196,2022-04-28,
4.189,2022-04-13,
4.182,2022-04-20,2023-03-22
4.175,2022-04-25,
4.168,2022-04-25,
4.161,2022-04-12,
4.154,2022-04-11,
4.147,2022-04-18,
4.140,2022-04-20,
4.133,2022-04-18,
4.126,2022-05-09,
4.119,2022-07-22,
4.112,2022-04-11,
4.105,2022-04-07,2023-05-26
4.098,2022-04-29,2023-09-22
4.091,2022-04-25,2023-05-26
4.084,2022-04-08,
4.077,2022-04-22,
4.070,2022-04-13,2023-06-13
4.063,2022-04-06,
4.056,2022-04-08,2023-09-20
4.042,2022-04-11,
4.035,2022-05-11,
4.028,2022-04-27,
4.021,2022-04-06,
4.014,2022-04-28,
4.007,2022-04-07,2023-08-04
4.000,2022-04-06,
3.993,2022-04-22,2023-07-07
3.986,2022-04-08,
3.979,2022-06-28,
3.972,2022-04-04,2023-09-20
3.965,2022-04-01,
3.958,2022-03-28,
3.951,2022-03-25,
3.944,2022-03-22,
3.930,2022-03-22,
3.923,2022-03-22,
3.916,2022-03-22,2023-05-13
3.909,2022-03-22,
3.902,2022-03-22,
3.895,2022-03-23,
3.888,2022-04-12,2022-09-13
3.881,2022-03-17,
3.874,2022-03-17,
3.867,2022-03-18,
3.860,2022-03-22,
3.853,2022-03-22,
3.846,2022-03-24,
3.839,2022-03-17,2023-08-30
3.832,2022-03-22,
3.825,2022-03-17,2023-07-31
3.818,2022-03-15,
3.811,2022-03-17,2022-11-30
3.804,2022-03-24,
3.797,2022-03-24,
3.790,2022-03-14,2022-07-26
3.783,2022-03-23,2023-08-29
3.776,2022-03-18,
3.769,2022-03-14,2023-09-29
3.762,2022-03-10,
3.755,2022-03-14,2023-07-18
3.748,2022-05-03,2023-06-16
3.741,2022-04-04,
3.734,2022-03-23,2023-09-20
3.727,2022-03-08,
3.720,2022-03-04,
3.713,2022-03-09,
3.706,2022-03-03,
3.699,2022-03-09,
3.692,2021-12-21,2023-08-29
3.685,2022-03-16,
3.678,2022-03-16,
3.671,2022-03-07,2023-07-07
3.650,2022-02-24,2023-08-31
3.643,2022-02-23,
3.636,2022-03-11,2023-09-20
3.629,2022-03-09,2022-07-26
3.622,2022-02-22,
3.615,2022-04-06,
3.608,2022-02-22,2022-05-24
3.601,2022-02-23,
3.594,2022-03-10,
3.587,2022-03-11,2023-09-20
3.580,2022-03-09,2023-09-20
3.573,2022-03-08,2023-06-01
3.566,2022-02-24,
3.559,2022-02-22,2022-03-10
3.552,2022-02-18,
3.545,2022-02-17,
3.538,2022-04-07,
3.531,2022-02-22,
3.524,2022-02-17,
3.517,2022-02-15,
3.510,2022-04-18,
3.503,2022-02-11,
3.496,2022-03-07,2023-09-19
3.489,2022-02-22,
3.482,2022-02-10,
3.475,2022-02-24,2023-09-20
3.468,2022-02-09,
3.461,2022-02-17,2023-06-27
3.454,2022-03-09,2023-08-31
3.447,2022-02-25,2023-08-31
3.440,2022-02-10,2023-07-18
3.433,2022-02-24,2023-06-05
3.426,2022-03-04,
3.419,2022-03-04,2023-08-16
3.412,2022-02-15,
3.405,2022-02-21,
3.398,2022-02-21,
3.391,2022-02-25,
3.384,2022-02-02,
3.377,2022-03-29,2022-09-27
3.370,2022-02-10,2023-08-22
3.363,2022-02-02,
3.356,2022-02-17,
3.342,2022-02-18,2023-06-20
3.335,2022-02-02,
3.328,2022-02-16,2023-06-01
3.321,2022-02-24,2023-06-28
3.300,2022-02-16,
3.293,2022-02-16,
3.286,2022-03-07,
3.279,2022-03-10,2023-03-10
3.272,2022-01-28,
3.265,2022-02-24,
3.258,2022-03-15,
3.251,2022-02-25,
3.244,2022-03-14,
3.237,2022-02-15,
3.230,2022-03-11,
3.223,2022-01-20,
3.216,2022-01-20,
3.209,2022-02-15,2022-04-06
3.202,2022-02-04,2023-07-19
3.195,2022-01-20,
3.188,2022-02-10,2023-06-30
3.181,2022-01-28,2023-07-18
3.174,2022-02-04,2023-07-18
3.153,2022-01-28,2023-07-31
3.146,2022-02-10,2023-07-13
3.139,2022-02-22,2022-09-21
3.132,2022-02-04,2022-09-16
3.118,2021-12-23,
3.111,2021-12-21,2023-07-10
3.104,2022-01-21,
3.097,2022-02-15,
3.090,2022-02-24,
3.083,2022-01-12,
3.076,2021-12-23,2023-09-20
3.069,2022-02-04,2023-07-10
3.062,2022-02-10,2023-07-14
3.055,2021-12-21,
3.048,2022-01-14,
3.041,2021-12-23,
3.034,2022-03-15,2023-07-31
3.013,2021-12-21,
3.006,2022-02-16,2023-07-05
2.999,2022-02-21,
2.992,2021-12-17,
2.985,2021-12-21,
2.978,2022-01-21,2023-06-15
2.971,2022-01-14,
2.964,2021-12-23,
2.957,2022-02-04,
2.943,2021-12-16,
2.936,2021-12-17,
2.929,2022-02-21,
2.922,2022-02-21,
2.915,2021-12-21,
2.908,2021-12-21,2023-06-12
2.901,2021-12-17,
2.894,2022-01-12,
2.880,2022-01-11,2022-04-11
2.873,2022-01-12,
2.859,2021-12-21,2023-06-13
2.838,2021-12-21,
2.831,2021-12-14,2022-01-31
2.824,2022-01-24,2023-02-28
2.817,2021-12-16,2023-02-28
2.810,2022-01-17,
2.803,2022-02-24,
2.796,2021-12-23,
2.775,2021-12-21,2022-05-17
2.768,2021-12-20,2023-06-20
2.754,2021-12-13,
2.747,2021-12-13,
2.740,2021-12-10,
2.733,2021-12-22,
2.726,2021-12-16,2023-06-21
2.719,2022-01-17,2023-06-02
2.712,2021-12-08,2023-04-24
2.705,2021-12-08,2023-04-11
2.698,2021-12-08,2022-10-31
2.691,2022-01-12,
2.684,2022-01-24,2023-09-20
2.670,2021-12-16,2023-08-15
2.663,2022-02-16,2023-06-15
2.656,2022-01-13,
2.649,2021-12-20,2022-10-02
2.635,2021-12-16,2023-07-18
2.628,2021-12-13,2023-06-30
2.621,2022-02-18,2023-09-20
2.614,2022-02-21,2023-09-29
2.586,2022-03-15,2022-05-18
2.579,2021-12-20,2023-07-18
2.572,2021-12-16,2023-07-18
2.565,2022-02-24,2022-10-31
2.558,2021-12-13,2023-06-13
2.537,2021-12-21,2023-06-27
2.523,2021-12-03,2022-03-11
2.516,2021-12-13,
2.509,2022-03-25,2023-06-22
2.502,2021-12-03,
2.495,2021-12-21,2023-05-26
2.488,2021-12-08,
2.481,2021-12-15,2023-01-18
2.474,2021-12-13,2023-07-10
2.467,2021-12-06,2023-06-29
2.460,2021-12-08,2023-06-28
2.453,2021-12-06,2023-06-27
2.446,2022-02-22,2023-09-20
2.439,2021-12-01,2023-02-28
2.432,2021-12-01,2023-02-28
2.425,2021-11-29,
2.411,2021-12-06,2023-06-23
2.404,2022-01-21,2022-03-30
2.397,2021-12-13,
2.390,2021-12-15,2023-07-31
2.383,2021-12-10,2023-09-20
2.376,2021-12-23,2023-07-04
2.362,2021-12-03,2023-08-31
2.348,2022-03-09,2023-09-20
2.341,2021-12-10,2023-09-20
2.334,2021-12-02,
2.320,2021-12-08,
2.313,2022-02-24,
2.306,2021-12-01,
2.299,2021-11-30,
2.292,2021-11-30,2023-06-21
2.285,2021-12-08,2023-07-25
2.278,2022-01-28,2023-07-25
2.271,2021-11-29,
2.257,2021-11-25,
2.250,2022-02-23,
2.243,2022-02-22,
2.236,2021-11-30,2023-06-12
2.229,2021-11-29,2022-09-30
2.222,2021-12-08,2023-05-30
2.215,2021-12-06,2022-05-19
2.201,2021-11-30,2023-07-21
2.194,2021-11-26,2022-12-23
2.187,2022-01-28,2023-05-27
2.180,2021-12-21,2023-07-05
2.173,2021-11-19,2022-03-23
2.159,2021-12-06,
2.152,2021-11-25,
2.145,2021-12-21,2023-05-24
2.138,2021-12-16,2023-07-19
2.131,2021-11-25,2023-07-03
2.124,2021-11-29,2022-12-22
2.117,2022-01-24,2022-12-23
2.110,2022-02-10,2023-05-25
2.103,2021-12-21,
2.089,2021-11-19,
2.075,2021-11-24,
2.061,2021-11-23,
2.054,2021-11-19,2021-11-19
2.047,2021-11-18,
2.040,2021-12-16,
2.033,2021-11-29,
2.026,2021-11-30,
2.019,2021-11-11,
2.012,2021-11-17,
2.005,2021-11-12,
1.998,2021-11-17,
1.991,2021-11-17,
1.984,2021-11-19,2023-04-05
1.977,2021-11-12,
1.970,2021-12-20,
1.956,2021-11-23,
1.942,2021-11-08,2023-02-17
1.928,2021-11-23,
1.921,2021-11-25,
1.907,2021-12-08,2022-06-02
1.900,2021-11-11,
1.893,2021-11-04,
1.886,2021-11-03,2023-07-24
1.872,2021-11-19,
1.865,2021-10-29,2023-08-07
1.858,2021-10-29,2023-03-16
1.851,2021-10-29,2022-12-01
1.844,2021-10-10,2021-12-21
1.837,2021-12-02,
1.830,2021-11-19,2022-01-21
1.823,2021-10-26,
1.816,2021-10-29,
1.809,2021-10-26,
1.802,2021-10-28,2023-01-11
1.795,2021-11-01,2022-12-22
1.788,2021-11-19,
1.781,2021-10-25,
1.774,2021-10-22,
1.767,2021-07-24,
1.739,2021-07-24,
1.732,2021-10-22,2023-01-10
1.725,2021-10-25,2023-01-12
1.718,2021-10-19,
1.711,2021-10-26,
1.704,2021-11-12,
1.697,2021-10-22,2022-07-25
1.690,2021-10-15,
1.683,2021-10-25,
1.676,2021-10-01,2023-03-13
1.669,2021-10-26,2021-10-26
1.655,2021-10-15,
1.648,2021-10-14,
1.634,2021-10-26,2023-08-29
1.627,2021-10-26,2021-12-21
1.620,2021-10-26,
1.613,2021-10-26,
1.606,2021-10-26,2021-12-17
1.599,2021-10-15,
1.592,2021-10-01,
1.585,2021-09-30,2022-12-21
1.578,2021-10-08,2022-12-22
1.571,2021-10-08,
1.564,2021-09-03,2022-03-17
1.557,2021-10-08,
1.550,2021-09-23,2022-03-29
1.543,2021-09-23,2022-03-29
1.536,2021-10-13,2023-05-25
1.529,2021-09-30,2023-06-07
1.522,2021-10-05,
1.515,2021-10-14,2022-12-23
1.508,2021-09-30,2022-12-22
1.501,2021-09-29,
1.494,2021-09-30,
1.487,2021-10-06,2022-09-30
1.480,2021-10-25,
1.473,2021-09-16,
1.466,2021-09-30,
1.459,2021-09-17,2022-01-13
1.452,2021-09-16,
1.445,2021-09-24,
1.438,2021-09-17,2023-06-20
1.431,2021-09-17,2023-06-20
1.424,2021-09-17,2023-06-20
1.403,2021-09-10,
1.396,2021-09-08,
1.389,2021-09-08,2021-09-08
1.382,2021-08-23,
1.375,2021-09-02,
1.368,2021-09-02,2021-09-02
1.361,2021-09-13,2021-12-21
1.354,2021-08-10,
1.347,2021-09-02,
1.340,2021-09-02,2021-09-02
1.333,2021-10-07,
1.326,2021-09-01,2023-09-11
1.319,2021-08-12,
1.312,2021-08-27,2023-07-06
1.305,2021-08-31,2023-07-06
1.298,2021-08-27,2023-07-06
1.291,2021-08-12,
1.284,2021-09-06,2021-10-28
1.277,2021-08-25,2021-09-06
1.270,2021-10-26,
1.263,2021-08-10,
1.256,2021-08-04,
1.249,2021-07-29,2021-09-23
1.242,2021-10-15,
1.235,2021-08-10,2022-02-22
1.228,2021-08-11,2022-04-06
1.221,2021-09-20,2022-02-24
1.214,2021-09-10,
1.207,2021-08-13,2023-09-30
1.200,2021-08-10,
1.193,2021-08-04,2021-08-10
1.186,2020-05-25,2022-03-30
1.179,2021-08-11,
1.172,2021-08-05,
1.165,2021-07-26,2021-08-11
1.158,2021-07-21,2021-08-10
1.151,2021-07-20,
1.144,2021-07-15,2023-01-19
1.137,2021-07-13,
1.130,2021-07-13,
1.123,2021-07-09,2023-01-19
1.116,2021-07-09,2021-08-11
1.109,2021-07-02,2021-09-10
1.102,2021-07-01,2023-08-16
1.095,2021-06-30,
1.088,2021-06-30,
1.081,2021-06-30,
1.074,2021-06-30,2021-09-16
1.067,2021-06-30,
1.060,2021-06-30,
1.053,2021-06-30,2021-09-20
1.046,2021-06-30,
1.039,2021-06-30,2023-01-19
1.032,2021-06-29,2021-06-30
1.025,2021-06-29,2021-06-30
1.018,2021-06-24,
1.011,2021-06-22,
1.004,2021-06-22,2021-06-30
997,2021-06-11,
990,2021-06-10,
983,2021-06-10,2021-06-22
976,2021-06-10,2021-07-02
969,2021-06-10,
962,2021-06-10,
955,2021-06-08,
948,2021-06-01,2023-06-01
941,2021-05-19,
934,2021-05-19,
927,2021-05-19,
920,2021-05-14,2023-06-21
913,2021-05-14,
906,2021-05-10,2021-07-09
899,2021-05-10,2022-03-29
892,2021-05-07,2021-06-09
885,2021-05-07,2022-10-26
878,2021-05-07,
871,2021-05-04,2021-06-22
864,2021-04-01,
857,2021-04-30,
850,2021-04-30,
843,2021-04-30,
836,2021-04-30,2023-08-10
829,2021-04-29,
822,2021-04-24,
815,2021-04-22,2023-09-01
808,2021-04-17,2023-02-09
801,2021-04-16,
794,2021-04-15,
787,2021-04-15,
780,2021-04-12,2021-06-10
773,2021-04-09,
766,2021-04-09,
759,2021-04-08,
752,2021-04-07,2021-10-10
745,2021-04-01,2022-04-01
738,2021-03-27,2021-04-24
731,2021-03-25,
724,2021-03-23,2021-08-13
717,2021-03-19,
710,2021-03-19,
703,2021-03-17,
696,2021-03-16,2021-04-12
689,2021-03-12,2021-06-11
682,2021-03-12,2023-09-22
675,2021-03-09,2023-08-09
668,2021-03-01,2023-06-02
661,2021-03-01,2021-04-07
654,2021-03-01,2021-04-01
647,2021-03-01,2021-05-14
640,2021-02-24,2021-09-16
633,2021-02-23,2022-11-17
626,2021-02-19,
619,2021-02-05,
612,2021-02-05,
605,2021-02-04,
598,2021-01-29,2021-06-08
591,2021-01-29,
584,2021-01-27,
577,2021-01-27,2021-02-23
570,2021-01-27,
563,2021-01-27,2021-01-27
556,2021-01-19,2022-03-29
549,2021-01-12,2022-01-31
542,2021-01-11,2021-03-09
535,2021-01-11,2021-11-25
528,2021-01-11,2021-03-09
521,2021-01-07,2021-06-01
514,2021-01-05,2021-05-28
507,2021-01-05,2021-05-28
500,2021-01-05,2021-05-28
493,2021-01-05,2021-05-28
486,2021-01-04,2021-03-16
479,2020-12-23,2023-09-30
472,2020-12-23,2021-01-12
465,2020-12-22,2022-04-12
458,2020-12-21,2021-03-19
451,2020-12-18,2021-06-08
444,2020-12-15,2023-02-09
437,2020-12-14,
430,2020-12-07,
423,2020-12-07,2021-09-03
416,2020-12-04,2021-11-25
409,2020-12-04,2021-11-25
402,2020-12-04,
395,2020-11-24,
388,2020-11-19,
381,2020-11-19,2022-11-17
374,2020-11-17,2020-12-22
367,2020-11-11,2021-01-27
360,2020-11-07,2021-02-04
353,2020-11-06,2022-09-30
346,2020-11-06,2023-05-26
339,2020-10-30,
332,2020-10-22,2021-02-24
325,2020-10-21,2021-07-31
318,2020-10-16,
311,2020-10-16,2020-12-14
304,2020-10-16,2021-01-29
297,2020-10-16,
290,2020-10-16,2023-09-27
283,2020-10-16,2021-05-28
276,2020-10-10,2020-11-11
269,2020-10-07,
262,2020-10-07,2021-05-28
255,2020-10-07,2020-10-16
248,2020-10-06,2021-01-27
241,2020-10-02,2022-04-18
234,2020-09-23,2021-11-19
227,2020-09-23,2020-11-06
220,2020-09-19,2020-10-16
213,2020-09-09,2020-09-23
206,2020-09-09,2021-04-01
199,2020-08-25,2020-10-16
192,2020-08-24,
185,2020-08-20,2021-05-28
178,2020-08-20,
171,2020-08-19,2020-09-09
164,2020-08-18,2021-09-23
157,2020-07-30,2020-12-04
150,2020-07-27,2020-12-23
143,2020-07-19,2020-08-18
136,2020-07-17,2020-12-31
129,2020-07-14,2021-07-27
122,2020-07-14,2021-05-28
115,2020-07-06,2021-07-01
108,2020-07-02,2020-08-19
101,2020-07-01,2021-05-28
94,2020-06-06,2022-04-01
87,2020-06-04,2023-04-26
80,2020-05-29,2023-05-24
73,2020-05-29,2020-11-06
66,2020-05-25,2020-09-09
59,2020-05-22,2020-12-04
52,2020-05-20,2020-12-04
45,2020-05-12,2022-03-29
38,2020-05-05,2020-05-25
31,2020-05-05,2020-10-07
24,2020-05-05,2020-10-07
17,2020-04-27,2020-06-03
10,2020-04-27,2021-05-28
3,2020-04-17,2020-11-07